<?xml version="1.0"?>
<schema xmlns:xsi="http://www.w3.org/2001/XMLSchema-instance"
        xsi:noNamespaceSchemaLocation="urn:magento:framework:Setup/Declaration/Schema/etc/schema.xsd">
    <table name="weather_records" resource="default" engine="innodb" comment="">
        <column name="id" xsi:type="int" padding="10" unsigned="true" nullable="false" identity="true"/>
        <column name="city" xsi:type="varchar" length="255" nullable="true" comment="City" />
        <column name="temp" xsi:type="varchar" length="100" nullable="true" comment="Temp" />
        <column name="date" xsi:type="date" comment="Date"/>

        <constraint xsi:type="primary" referenceId="PRIMARY">
            <column name="id"/>
        </constraint>
    </table>
</schema>
