<?xml version="1.0"?>
<routes xmlns:xsi="http://www.w3.org/2001/XMLSchema-instance"
        xsi:noNamespaceSchemaLocation="urn:magento:module:Magento_Webapi:etc/webapi.xsd">
    <route method="GET" url="/V1/mageclass_weatherproject/:city/:dateFrom/:dateTo">
        <service class="Mageclass\WeatherProject\Api\WeatherRepositoryInterface" method="getHistoryByDateRange" />
        <resources>
            <resource ref="anonymous"/>
        </resources>
    </route>

    <route method="POST" url="/V1/mageclass_weatherproject/saveByCityAndDate">
        <service class="Mageclass\WeatherProject\Api\WeatherRepositoryInterface" method="saveByCityAndDate" />
        <resources>
            <resource ref="anonymous"/>
        </resources>
    </route>
</routes>