<?xml version="1.0"?>
<config xmlns:xsi="http://www.w3.org/2001/XMLSchema-instance" xsi:noNamespaceSchemaLocation="urn:magento:module:Magento_Config:etc/system_file.xsd">
    <system>
        <tab id="mageclass" translate="label" sortOrder="10">
            <label>Mageclass</label>
        </tab>
        <section id="weather_project" translate="label" sortOrder="130" showInDefault="1" showInWebsite="1" showInStore="1">
            <class>separator-top</class>
            <label>Weather Project</label>
            <tab>mageclass</tab>
            <resource>Mageclass_WeatherProject::weather_project</resource>
            <group id="general" translate="label" type="text" sortOrder="10" showInDefault="1" showInWebsite="1" showInStore="1">
                <label>Configuration</label>
                <field id="weather_enabled" translate="label" type="select" sortOrder="1" showInDefault="1" showInWebsite="1" showInStore="1">
                    <label>Enabled</label>
                    <source_model>Magento\Config\Model\Config\Source\Yesno</source_model>
                </field>
                <field id="api_url" translate="label" type="text" sortOrder="20" showInDefault="1" showInWebsite="1" showInStore="1">
                    <label>API Endpoint</label>
                    <depends>
                        <field id="weather_enabled">1</field>
                    </depends>
                </field>
                <field id="api_key" translate="label" type="text" sortOrder="20" showInDefault="1" showInWebsite="1" showInStore="1" canRestore="1">
                    <label>API Key</label>
                    <backend_model>Magento\Config\Model\Config\Backend\Encrypted</backend_model>
                    <depends>
                        <field id="weather_enabled">1</field>
                    </depends>
                </field>
                <field id="page_title" translate="label" type="text" sortOrder="20" showInDefault="1" showInWebsite="1" showInStore="1">
                    <label>Page Title</label>
                    <depends>
                        <field id="weather_enabled">1</field>
                    </depends>
                </field>
                <field id="cms_block_select" translate="label" type="select" sortOrder="20" showInDefault="1" showInWebsite="1" showInStore="1">
                    <label>Select CMS Block</label>
                    <source_model>Magento\Cms\Model\Config\Source\Block</source_model>
                    <depends>
                        <field id="weather_enabled">1</field>
                    </depends>
                </field>
            </group>
        </section>
    </system>
</config>